id,CPU,上市日期,主屏尺寸,主屏分辨率,后置摄像头,前置摄像头,电池容量,电池类型,核心数,内存,param_url
1992906,高通骁龙8Gen3,None,8.03英寸需双手打字,2480x2200px4K超高清,5000万像素高清级像素,3200万像素高清级像素,5700mAh大电池,None,None,16GB游戏运行良好,http://detail.zol.com.cn/1993/1992906/param.shtml
1486867,高通骁龙778G+,None,6.78英寸需双手打字,2800x1260px1080P高清,5000万像素高清级像素,5000万像素高清级像素,4600mAh大电池,None,None,12GB游戏运行良好,http://detail.zol.com.cn/1487/1486867/param.shtml
1772541,高通骁龙8Gen2,None,8.03英寸需双手打字,2480×2200px4K超高清,5000万像素高清级像素,3200万像素高清级像素,5500mAh大电池,None,None,12GB游戏运行良好,http://detail.zol.com.cn/1773/1772541/param.shtml
1772535,联发科天玑9300,None,6.78英寸,2800x1260px,暂无数据,后置摄像头1,5000mAh,不可拆卸式电池（双电芯）,八核,12GB,http://detail.zol.com.cn/1773/1772535/param.shtml
1959978,高通骁龙7Gen3,None,6.78英寸需双手打字,2800x1260px1080P高清,5000万像素高清级像素,5000万像素高清级像素,5000mAh大电池,None,None,8GB游戏运行良好,http://detail.zol.com.cn/1960/1959978/param.shtml
1772537,联发科天玑9300,None,6.78英寸,2800x1260px,暂无数据,后置摄像头1,5400mAh,不可拆卸式电池（双电芯）,八核,12GB,http://detail.zol.com.cn/1773/1772537/param.shtml
1959983,联发科天玑9200+,None,6.78英寸需双手打字,2800x1260px1080P高清,5000万像素高清级像素,5000万像素高清级像素,5000mAh大电池,None,None,12GB游戏运行良好,http://detail.zol.com.cn/1960/1959983/param.shtml
1772539,高通骁龙8Gen3,None,6.78英寸需双手打字,3200x1440px2K超清,5000万像素高清级像素,3200万像素高清级像素,4700mAh大电池,None,None,12GB游戏运行良好,http://detail.zol.com.cn/1773/1772539/param.shtml
1948979,联发科天玑9300,None,6.78英寸需双手打字,2800x1260px1080P高清,5000万像素高清级像素,3200万像素高清级像素,5000mAh大电池,None,None,16GB游戏运行良好,http://detail.zol.com.cn/1949/1948979/param.shtml
1950436,None,None,None,None,None,None,None,None,None,None,http://detail.zol.com.cn/1951/1950436/param.shtml
1434230,联发科天玑9200,None,6.78英寸需双手打字,2800x1260px1080P高清,5000万像素高清级像素,3200万像素高清级像素,4810mAh大电池,None,None,12GB游戏运行良好,http://detail.zol.com.cn/1435/1434230/param.shtml
1948986,联发科天玑9300,None,6.78英寸需双手打字,2800x1260px1080P高清,5000万像素高清级像素,3200万像素高清级像素,5400mAh大电池,None,None,12GB游戏运行良好,http://detail.zol.com.cn/1949/1948986/param.shtml
1438320,高通骁龙8Gen2,None,8.03英寸需双手打字,2160x1916像素2K超清,5000万像素高清级像素,1600万像素高清级像素,4800mAh大电池,None,None,12GB游戏运行良好,http://detail.zol.com.cn/1439/1438320/param.shtml
1966948,联发科天玑7200,None,6.67英寸需双手打字,2400x1080px1080P高清,5000万像素高清级像素,1600万像素高清级像素,4800mAh大电池,None,None,12GB游戏运行良好,http://detail.zol.com.cn/1967/1966948/param.shtml
1392791,联发科天玑9000,None,6.78英寸需双手打字,2400x1080px1080P高清,5000万像素高清级像素,3200万像素高清级像素,4500mAh大电池,None,None,12GB游戏运行良好,http://detail.zol.com.cn/1393/1392791/param.shtml
1428480,高通骁龙8Gen2,None,6.78英寸需双手打字,3200x1440px2K超清,5000万像素高清级像素,3200万像素高清级像素,4700mAh大电池,None,None,12GB游戏运行良好,http://detail.zol.com.cn/1429/1428480/param.shtml
1342511,三星Exynos1080,None,6.56英寸需双手打字,2376x1080像素1080P高清,4800万像素高清级像素,3200万像素高清级像素,4300mAh大电池,None,None,8GB游戏运行良好,http://detail.zol.com.cn/1343/1342511/param.shtml
1930410,None,None,6.78英寸,2400x1080px,暂无数据,后置摄像头1,5000mAh,不可拆卸式电池,八核,8GB,http://detail.zol.com.cn/1931/1930410/param.shtml
1966881,高通骁龙7Gen3,None,6.78英寸需双手打字,2800x1260px1080P高清,5000万像素高清级像素,5000万像素高清级像素,5000mAh大电池,None,None,12GB游戏运行良好,http://detail.zol.com.cn/1967/1966881/param.shtml
1637674,高通骁龙778G+,None,6.78英寸需双手打字,2800x1260px1080P高清,5000万像素高清级像素,5000万像素高清级像素,4600mAh大电池,None,None,12GB游戏运行良好,http://detail.zol.com.cn/1638/1637674/param.shtml
1473778,None,None,None,None,None,None,None,None,None,None,http://detail.zol.com.cn/1474/1473778/param.shtml
1402543,高通骁龙870巅峰版,None,6.62英寸需双手打字,2400x1080px1080P高清,6400万像素高清级像素,3200万像素高清级像素,4500mAh大电池,None,None,8GB游戏运行良好,http://detail.zol.com.cn/1403/1402543/param.shtml
1473779,None,None,None,None,None,None,None,None,None,None,http://detail.zol.com.cn/1474/1473779/param.shtml
1436800,高通骁龙8+Gen1,None,6.74英寸需双手打字,2520x1080像素1080P高清,5000万像素高清级像素,3200万像素高清级像素,4400mAh大电池,None,None,12GB游戏运行良好,http://detail.zol.com.cn/1437/1436800/param.shtml
1948987,联发科天玑9300,None,6.78英寸需双手打字,2800x1260px1080P高清,5000万像素高清级像素,3200万像素高清级像素,5400mAh大电池,None,None,16GB游戏运行良好,http://detail.zol.com.cn/1949/1948987/param.shtml
1429771,高通骁龙870,None,6.78英寸需双手打字,2400x1080px1080P高清,6400万像素高清级像素,5000万像素高清级像素,4600mAh大电池,None,None,8GB游戏运行良好,http://detail.zol.com.cn/1430/1429771/param.shtml
1505454,联发科天玑9200+,None,6.78英寸需双手打字,2800x1260px1080P高清,5000万像素高清级像素,3200万像素高清级像素,4810mAh大电池,None,None,8GB游戏运行良好,http://detail.zol.com.cn/1506/1505454/param.shtml
1486869,联发科天玑8200,None,6.78英寸需双手打字,2800x1260px1080P高清,5000万像素高清级像素,5000万像素高清级像素,4600mAh大电池,None,None,8GB游戏运行良好,http://detail.zol.com.cn/1487/1486869/param.shtml
1970828,联发科天玑9300,None,None,None,None,None,None,None,None,None,http://detail.zol.com.cn/1971/1970828/param.shtml
1935477,None,None,None,None,None,None,None,None,None,None,http://detail.zol.com.cn/1936/1935477/param.shtml
1333373,高通骁龙765G,None,6.44英寸需双手打字,2400x1080像素1080P高清,6400万像素高清级像素,4400万像素高清级像素,4000mAh大电池,None,None,8GB游戏运行良好,http://detail.zol.com.cn/1334/1333373/param.shtml
1966880,高通骁龙7Gen3,None,6.78英寸需双手打字,2800x1260px1080P高清,5000万像素高清级像素,5000万像素高清级像素,5000mAh大电池,None,None,12GB游戏运行良好,http://detail.zol.com.cn/1967/1966880/param.shtml
1359541,联发科天玑1100,None,6.44英寸需双手打字,2400x1080像素1080P高清,6400万像素高清级像素,4400万像素高清级像素,4000mAh大电池,None,None,8GB游戏运行良好,http://detail.zol.com.cn/1360/1359541/param.shtml
1966886,联发科天玑9200+,None,6.78英寸需双手打字,2800x1260px1080P高清,5000万像素高清级像素,5000万像素高清级像素,5000mAh大电池,None,None,16GB游戏运行良好,http://detail.zol.com.cn/1967/1966886/param.shtml
1948980,联发科天玑9300,None,6.78英寸需双手打字,2800x1260px1080P高清,5000万像素高清级像素,3200万像素高清级像素,5000mAh大电池,None,None,16GB游戏运行良好,http://detail.zol.com.cn/1949/1948980/param.shtml
1342813,三星Exynos1080,None,6.56英寸需双手打字,2376x1080像素1080P高清,4800万像素高清级像素,3200万像素高清级像素,4200mAh大电池,None,None,12GB游戏运行良好,http://detail.zol.com.cn/1343/1342813/param.shtml
1322836,高通骁龙765G,None,6.56英寸需双手打字,2376x1080px1080P高清,4800万像素高清级像素,3200万像素高清级像素,4200mAh大电池,None,None,8GB游戏运行良好,http://detail.zol.com.cn/1323/1322836/param.shtml
1418991,联发科天玑930,None,6.64英寸需双手打字,2388x1080px1080P高清,5000万像素高清级像素,800万像素普通级像素,4500mAh大电池,None,None,12GB游戏运行良好,http://detail.zol.com.cn/1419/1418991/param.shtml
1966885,联发科天玑9200+,None,6.78英寸需双手打字,2800x1260px1080P高清,5000万像素高清级像素,5000万像素高清级像素,5000mAh大电池,None,None,16GB游戏运行良好,http://detail.zol.com.cn/1967/1966885/param.shtml
1389267,联发科天玑1100,None,6.44英寸需双手打字,2400x1080px1080P高清,1.08亿像素普通级像素,4400万像素高清级像素,4200mAh大电池,None,None,8GB游戏运行良好,http://detail.zol.com.cn/1390/1389267/param.shtml
1955896,None,None,None,None,None,None,None,None,None,None,http://detail.zol.com.cn/1956/1955896/param.shtml
1355570,三星Exynos1080,None,6.56英寸需双手打字,2376x1080px1080P高清,5000万像素高清级像素,3200万像素高清级像素,4450mAh大电池,None,None,12GB游戏运行良好,http://detail.zol.com.cn/1356/1355570/param.shtml
1355569,联发科天玑1200-vivo,None,6.56英寸需双手打字,2376x1080px1080P高清,4000万像素高清级像素,3200万像素高清级像素,4400mAh大电池,None,None,8GB游戏运行良好,http://detail.zol.com.cn/1356/1355569/param.shtml
1434228,高通骁龙8Gen2,None,6.78英寸需双手打字,3200x1440px2K超清,5000万像素高清级像素,3200万像素高清级像素,4700mAh大电池,None,None,12GB游戏运行良好,http://detail.zol.com.cn/1435/1434228/param.shtml
1935476,None,None,None,None,None,None,None,None,None,None,http://detail.zol.com.cn/1936/1935476/param.shtml
1637676,联发科天玑8200,None,6.78英寸需双手打字,2800x1260px1080P高清,5000万像素高清级像素,5000万像素高清级像素,4600mAh大电池,None,None,12GB游戏运行良好,http://detail.zol.com.cn/1638/1637676/param.shtml
1299595,联发科HelioP65,2019年11月,6.53英寸需双手打字,2340x1080像素1080P高清,1600万像素高清级像素,1600万像素高清级像素,5000mAh大电池,None,None,6GB游戏运行良好,http://detail.zol.com.cn/1300/1299595/param.shtml
1373732,联发科天玑1100,None,6.44英寸需双手打字,2400x1080像素1080P高清,6400万像素高清级像素,4400万像素高清级像素,4050mAh大电池,None,None,8GB游戏运行良好,http://detail.zol.com.cn/1374/1373732/param.shtml
1402539,三星Exynos1080,None,6.44英寸需双手打字,2404x1080px1080P高清,5000万像素高清级像素,1600万像素高清级像素,4700mAh大电池,None,None,12GB游戏运行良好,http://detail.zol.com.cn/1403/1402539/param.shtml
1350608,联发科天玑720,2020年12月12日,None,None,None,None,None,None,None,None,http://detail.zol.com.cn/1351/1350608/param.shtml
1434231,联发科天玑9200,None,6.78英寸需双手打字,2800x1260px1080P高清,5000万像素高清级像素,3200万像素高清级像素,4810mAh大电池,None,None,12GB游戏运行良好,http://detail.zol.com.cn/1435/1434231/param.shtml
1993142,高通骁龙8Gen3,None,8.03英寸需双手打字,2480x2200px4K超高清,5000万像素高清级像素,3200万像素高清级像素,5700mAh大电池,None,None,16GB游戏运行良好,http://detail.zol.com.cn/1994/1993142/param.shtml
1533889,高通骁龙8Gen2,None,8.03英寸需双手打字,2160x1916像素2K超清,5000万像素高清级像素,1600万像素高清级像素,4800mAh大电池,None,None,12GB游戏运行良好,http://detail.zol.com.cn/1534/1533889/param.shtml
1329109,高通骁龙460,2020年10月26日,6.51英寸需双手打字,1600x720px720P普清,1300万像素高清级像素,800万像素普通级像素,5000mAh大电池,None,None,8GB游戏运行良好,http://detail.zol.com.cn/1330/1329109/param.shtml
1434232,联发科天玑9200,None,6.78英寸需双手打字,2800x1260px1080P高清,5000万像素高清级像素,3200万像素高清级像素,4870mAh大电池,None,None,12GB游戏运行良好,http://detail.zol.com.cn/1435/1434232/param.shtml
1961962,联发科天玑7200,None,6.67英寸需双手打字,2400x1080px1080P高清,5000万像素高清级像素,1600万像素高清级像素,4800mAh大电池,None,None,12GB游戏运行良好,http://detail.zol.com.cn/1962/1961962/param.shtml
1936187,None,None,None,None,None,None,None,None,None,None,http://detail.zol.com.cn/1937/1936187/param.shtml
1966882,高通骁龙7Gen3,None,6.78英寸需双手打字,2800x1260px1080P高清,5000万像素高清级像素,5000万像素高清级像素,5000mAh大电池,None,None,8GB游戏运行良好,http://detail.zol.com.cn/1967/1966882/param.shtml
1935475,None,None,None,None,None,None,None,None,None,None,http://detail.zol.com.cn/1936/1935475/param.shtml
1361589,联发科天玑820,None,6.44英寸需双手打字,2404x1080像素1080P高清,6400万像素高清级像素,3200万像素高清级像素,4100mAh大电池,None,None,8GB游戏运行良好,http://detail.zol.com.cn/1362/1361589/param.shtml
1425422,联发科天玑9200,None,6.78英寸需双手打字,2800x1260px1080P高清,5000万像素高清级像素,3200万像素高清级像素,4810mAh大电池,None,None,8GB游戏运行良好,http://detail.zol.com.cn/1426/1425422/param.shtml
1353929,三星Exynos1080,None,6.56英寸需双手打字,2376x1080像素1080P高清,4800万像素高清级像素,3200万像素高清级像素,4300mAh大电池,None,None,12GB游戏运行良好,http://detail.zol.com.cn/1354/1353929/param.shtml
1392797,高通骁龙8Gen1,None,6.78英寸需双手打字,3200x1440px2K超清,5000万像素高清级像素,3200万像素高清级像素,4700mAh大电池,None,None,12GB游戏运行良好,http://detail.zol.com.cn/1393/1392797/param.shtml
1955920,联发科天玑6020,None,None,None,None,None,None,None,None,None,http://detail.zol.com.cn/1956/1955920/param.shtml
1371908,高通骁龙888Plus,None,6.78英寸需双手打字,3200x1440px2K超清,5000万像素高清级像素,3200万像素高清级像素,4500mAh大电池,None,None,12GB游戏运行良好,http://detail.zol.com.cn/1372/1371908/param.shtml
1392188,联发科天玑810,2021年11月,6.58英寸需双手打字,2408x1080像素1080P高清,5000万像素高清级像素,800万像素普通级像素,4100mAh大电池,None,None,8GB游戏运行良好,http://detail.zol.com.cn/1393/1392188/param.shtml
1436793,联发科天玑7005G移动平台,None,6.51英寸需双手打字,1600x720px720P普清,1300万像素高清级像素,500万像素普通级像素,5000mAh大电池,None,None,6GB游戏运行良好,http://detail.zol.com.cn/1437/1436793/param.shtml
1349841,高通骁龙8Gen1,None,7英寸需双手打字,3080x1440px2K超清,5000万像素高清级像素,1600万像素高清级像素,5000mAh大电池,None,None,12GB游戏运行良好,http://detail.zol.com.cn/1350/1349841/param.shtml
1427579,高通骁龙8+Gen1,None,8.03英寸需双手打字,2160x1916像素2K超清,5000万像素高清级像素,1600万像素高清级像素,4730mAh大电池,None,None,12GB游戏运行良好,http://detail.zol.com.cn/1428/1427579/param.shtml
1531537,高通骁龙8+Gen1,None,6.74英寸需双手打字,2520x1080像素1080P高清,5000万像素高清级像素,3200万像素高清级像素,4400mAh大电池,None,None,12GB游戏运行良好,http://detail.zol.com.cn/1532/1531537/param.shtml
1401409,联发科天玑700,None,6.51英寸需双手打字,1600x720px720P普清,1300万像素高清级像素,800万像素普通级像素,5000mAh大电池,None,None,8GB游戏运行良好,http://detail.zol.com.cn/1402/1401409/param.shtml
1324446,三星Exynos880,2020年06月01日,6.53英寸需双手打字,2340x1080像素1080P高清,4800万像素高清级像素,1600万像素高清级像素,4500mAh大电池,None,None,8GB游戏运行良好,http://detail.zol.com.cn/1325/1324446/param.shtml
1784520,联发科天玑9200+,None,6.78英寸需双手打字,2800x1260px1080P高清,5000万像素高清级像素,3200万像素高清级像素,4810mAh大电池,None,None,12GB游戏运行良好,http://detail.zol.com.cn/1785/1784520/param.shtml
1377260,高通骁龙8Gen1,None,8.03英寸需双手打字,2160x1916px2K超清,5000万像素高清级像素,1600万像素高清级像素,4600mAh大电池,None,None,12GB游戏运行良好,http://detail.zol.com.cn/1378/1377260/param.shtml
1361963,联发科天玑700,2021年03月07日,6.51英寸需双手打字,2408x1080px1080P高清,1300万像素高清级像素,800万像素普通级像素,5000mAh大电池,None,None,6GB游戏运行良好,http://detail.zol.com.cn/1362/1361963/param.shtml
1402545,联发科天玑8100,None,6.56英寸需双手打字,2376x1080px1080P高清,5000万像素高清级像素,3200万像素高清级像素,4500mAh大电池,None,None,8GB游戏运行良好,http://detail.zol.com.cn/1403/1402545/param.shtml
1784519,联发科天玑9200+,None,6.78英寸需双手打字,2800x1260px1080P高清,5000万像素高清级像素,3200万像素高清级像素,4810mAh大电池,None,None,12GB游戏运行良好,http://detail.zol.com.cn/1785/1784519/param.shtml
1377610,联发科天玑1100,None,6.44英寸需双手打字,2400x1080px1080P高清,1.08亿像素普通级像素,4400万像素高清级像素,4050mAh大电池,None,None,12GB游戏运行良好,http://detail.zol.com.cn/1378/1377610/param.shtml
1355452,高通骁龙480,2021年01月,None,None,None,None,None,None,None,None,http://detail.zol.com.cn/1356/1355452/param.shtml
1637673,高通骁龙778G+,None,6.78英寸需双手打字,2800x1260px1080P高清,5000万像素高清级像素,5000万像素高清级像素,4600mAh大电池,None,None,8GB游戏运行良好,http://detail.zol.com.cn/1638/1637673/param.shtml
1333329,三星Exynos880,None,6.53英寸需双手打字,2340x1080px1080P高清,4800万像素高清级像素,800万像素普通级像素,4500mAh大电池,None,None,6GB游戏运行良好,http://detail.zol.com.cn/1334/1333329/param.shtml
1342667,联发科天玑720,2020年10月,None,None,None,None,None,None,None,None,http://detail.zol.com.cn/1343/1342667/param.shtml
1424160,联发科天玑810,None,6.58英寸需双手打字,2408x1080px1080P高清,1300万像素高清级像素,800万像素普通级像素,5000mAh大电池,None,None,6GB游戏运行良好,http://detail.zol.com.cn/1425/1424160/param.shtml
1993140,高通骁龙8Gen2,None,8.03英寸需双手打字,2480×2200px4K超高清,5000万像素高清级像素,3200万像素高清级像素,5500mAh大电池,None,None,16GB游戏运行良好,http://detail.zol.com.cn/1994/1993140/param.shtml
1935478,None,None,None,None,None,None,None,None,None,None,http://detail.zol.com.cn/1936/1935478/param.shtml
1283965,联发科HelioP65,2019年07月,6.38英寸需双手打字,2340x1080像素1080P高清,1600万像素高清级像素,1600万像素高清级像素,4500mAh大电池,None,None,6GB游戏运行良好,http://detail.zol.com.cn/1284/1283965/param.shtml
1631381,None,None,None,None,None,None,None,None,None,None,http://detail.zol.com.cn/1632/1631381/param.shtml
1486871,联发科天玑7200,None,6.78英寸需双手打字,2400x1080px1080P高清,6400万像素高清级像素,1600万像素高清级像素,4600mAh大电池,None,None,8GB游戏运行良好,http://detail.zol.com.cn/1487/1486871/param.shtml
1629839,联发科天玑8050,None,6.78英寸需双手打字,2800x1260px1080P高清,5000万像素高清级像素,5000万像素高清级像素,4600mAh大电池,None,None,12GB游戏运行良好,http://detail.zol.com.cn/1630/1629839/param.shtml
1344135,联发科MT6765,2020年10月,None,None,None,None,None,None,None,None,http://detail.zol.com.cn/1345/1344135/param.shtml
1936186,None,None,None,None,None,None,None,None,None,None,http://detail.zol.com.cn/1937/1936186/param.shtml
1325247,高通骁龙765G,None,6.56英寸需双手打字,2376x1080像素1080P高清,4800万像素高清级像素,3200万像素高清级像素,4315mAh大电池,None,None,8GB游戏运行良好,http://detail.zol.com.cn/1326/1325247/param.shtml
1955917,联发科天玑6020,None,None,None,None,None,None,None,None,None,http://detail.zol.com.cn/1956/1955917/param.shtml
1434229,联发科天玑9200,None,6.78英寸需双手打字,2800x1260px1080P高清,5000万像素高清级像素,3200万像素高清级像素,4810mAh大电池,None,None,8GB游戏运行良好,http://detail.zol.com.cn/1435/1434229/param.shtml
1391309,None,None,None,None,None,None,None,None,None,None,http://detail.zol.com.cn/1392/1391309/param.shtml
1429777,联发科天玑8200,None,6.78英寸需双手打字,2400x1080px1080P高清,5000万像素高清级像素,5000万像素高清级像素,4600mAh大电池,None,None,12GB游戏运行良好,http://detail.zol.com.cn/1430/1429777/param.shtml
1402802,高通骁龙8Gen1,None,7英寸需双手打字,3080x1440px2K超清,5000万像素高清级像素,1600万像素高清级像素,5000mAh大电池,None,None,12GB游戏运行良好,http://detail.zol.com.cn/1403/1402802/param.shtml
1345834,高通骁龙888,None,6.56英寸需双手打字,2376x1080像素1080P高清,5000万像素高清级像素,3200万像素高清级像素,4200mAh大电池,None,None,8GB游戏运行良好,http://detail.zol.com.cn/1346/1345834/param.shtml
1637675,联发科天玑8200,None,6.78英寸需双手打字,2800x1260px1080P高清,5000万像素高清级像素,5000万像素高清级像素,4600mAh大电池,None,None,12GB游戏运行良好,http://detail.zol.com.cn/1638/1637675/param.shtml
1311965,高通骁龙765G,None,6.57英寸需双手打字,2400x1080像素1080P高清,4800万像素高清级像素,1600万像素高清级像素,5000mAh大电池,None,None,6GB游戏运行良好,http://detail.zol.com.cn/1312/1311965/param.shtml
1386376,联发科天玑900,None,6.44英寸需双手打字,2400x1080px1080P高清,6400万像素高清级像素,3200万像素高清级像素,4050mAh大电池,None,None,8GB游戏运行良好,http://detail.zol.com.cn/1387/1386376/param.shtml
1391942,高通骁龙778G,None,6.67英寸需双手打字,2400x1080px1080P高清,6400万像素高清级像素,1600万像素高清级像素,5000mAh大电池,None,None,8GB游戏运行良好,http://detail.zol.com.cn/1392/1391942/param.shtml
1374463,None,2021年06月,None,None,None,None,None,None,None,None,http://detail.zol.com.cn/1375/1374463/param.shtml
1346171,联发科天玑720,2020年11月11日,6.44英寸需双手打字,2400x1080像素1080P高清,6400万像素高清级像素,3200万像素高清级像素,4100mAh大电池,None,None,8GB游戏运行良好,http://detail.zol.com.cn/1347/1346171/param.shtml
1955897,None,None,None,None,None,None,None,None,None,None,http://detail.zol.com.cn/1956/1955897/param.shtml
1948981,联发科天玑9300,None,6.78英寸需双手打字,2800x1260px1080P高清,5000万像素高清级像素,3200万像素高清级像素,5000mAh大电池,None,None,16GB游戏运行良好,http://detail.zol.com.cn/1949/1948981/param.shtml
1436673,三星Exynos1080,None,6.62英寸需双手打字,2400x1080px1080P高清,5000万像素高清级像素,1600万像素高清级像素,4600mAh大电池,None,None,8GB游戏运行良好,http://detail.zol.com.cn/1437/1436673/param.shtml
1955898,None,None,None,None,None,None,None,None,None,None,http://detail.zol.com.cn/1956/1955898/param.shtml
1394602,联发科天玑810,2021年11月,6.58英寸需双手打字,2408x1080像素1080P高清,5000万像素高清级像素,800万像素普通级像素,4100mAh大电池,None,None,8GB游戏运行良好,http://detail.zol.com.cn/1395/1394602/param.shtml
1936185,None,None,None,None,None,None,None,None,None,None,http://detail.zol.com.cn/1937/1936185/param.shtml
1544341,None,None,None,None,None,None,None,None,None,None,http://detail.zol.com.cn/1545/1544341/param.shtml
1434233,联发科天玑9200,None,6.78英寸需双手打字,2800x1260px1080P高清,5000万像素高清级像素,3200万像素高清级像素,4870mAh大电池,None,None,12GB游戏运行良好,http://detail.zol.com.cn/1435/1434233/param.shtml
1439918,联发科天玑700,None,6.51英寸需双手打字,1600x720px720P普清,1300万像素高清级像素,500万像素普通级像素,5000mAh大电池,None,None,4GB游戏运行良好,http://detail.zol.com.cn/1440/1439918/param.shtml
1405720,高通骁龙8Gen1,None,6.78英寸需双手打字,3200x1440px2K超清,5000万像素高清级像素,3200万像素高清级像素,4700mAh大电池,None,None,12GB游戏运行良好,http://detail.zol.com.cn/1406/1405720/param.shtml
1429154,高通骁龙8+Gen1,None,8.03英寸需双手打字,2160x1916像素2K超清,5000万像素高清级像素,1600万像素高清级像素,4730mAh大电池,None,None,12GB游戏运行良好,http://detail.zol.com.cn/1430/1429154/param.shtml
1402801,高通骁龙8Gen1,None,7英寸需双手打字,3080x1440px2K超清,5000万像素高清级像素,1600万像素高清级像素,5000mAh大电池,None,None,8GB游戏运行良好,http://detail.zol.com.cn/1403/1402801/param.shtml
1601423,None,None,None,None,None,None,None,None,None,None,http://detail.zol.com.cn/1602/1601423/param.shtml
1409694,高通骁龙870巅峰版,None,6.62英寸需双手打字,2400x1080px1080P高清,6400万像素高清级像素,3200万像素高清级像素,4500mAh大电池,None,None,12GB游戏运行良好,http://detail.zol.com.cn/1410/1409694/param.shtml
1955900,None,None,None,None,None,None,None,None,None,None,http://detail.zol.com.cn/1956/1955900/param.shtml
1544340,None,None,None,None,None,None,None,None,None,None,http://detail.zol.com.cn/1545/1544340/param.shtml
1993139,高通骁龙8Gen2,None,8.03英寸需双手打字,2480×2200px4K超高清,5000万像素高清级像素,3200万像素高清级像素,5500mAh大电池,None,None,16GB游戏运行良好,http://detail.zol.com.cn/1994/1993139/param.shtml
1411579,联发科天玑1300,None,6.58英寸需双手打字,2408x1080px1080P高清,5000万像素高清级像素,1600万像素高清级像素,6000mAh大电池,None,None,8GB游戏运行良好,http://detail.zol.com.cn/1412/1411579/param.shtml
1993141,高通骁龙8Gen2,None,8.03英寸需双手打字,2480×2200px4K超高清,5000万像素高清级像素,3200万像素高清级像素,5500mAh大电池,None,None,16GB游戏运行良好,http://detail.zol.com.cn/1994/1993141/param.shtml
1438555,高通骁龙870,None,6.78英寸需双手打字,2400x1080px1080P高清,6400万像素高清级像素,5000万像素高清级像素,4600mAh大电池,None,None,12GB游戏运行良好,http://detail.zol.com.cn/1439/1438555/param.shtml
1511650,None,None,None,None,None,None,None,None,None,None,http://detail.zol.com.cn/1512/1511650/param.shtml
1393996,联发科天玑1200,None,6.56英寸需双手打字,2376x1080px1080P高清,1.08亿像素普通级像素,5000万像素高清级像素,4300mAh大电池,None,None,8GB游戏运行良好,http://detail.zol.com.cn/1394/1393996/param.shtml
1357167,联发科天玑720,2020年12月12日,6.58英寸需双手打字,2408x1080像素1080P高清,4800万像素高清级像素,800万像素普通级像素,5000mAh大电池,None,None,6GB游戏运行良好,http://detail.zol.com.cn/1358/1357167/param.shtml
1396884,None,None,None,None,None,None,None,None,None,None,http://detail.zol.com.cn/1397/1396884/param.shtml
1948982,联发科天玑9300,None,6.78英寸需双手打字,2800x1260px1080P高清,5000万像素高清级像素,3200万像素高清级像素,5000mAh大电池,None,None,16GB游戏运行良好,http://detail.zol.com.cn/1949/1948982/param.shtml
1357769,联发科MT6765,2020年12月,6.51英寸需双手打字,1600x720px720P普清,1300万像素高清级像素,800万像素普通级像素,5000mAh大电池,None,None,6GB游戏运行良好,http://detail.zol.com.cn/1358/1357769/param.shtml
1601422,None,None,None,None,None,None,None,None,None,None,http://detail.zol.com.cn/1602/1601422/param.shtml
1419242,联发科天玑930,None,6.64英寸需双手打字,2388x1080px1080P高清,5000万像素高清级像素,800万像素普通级像素,4500mAh大电池,None,None,8GB游戏运行良好,http://detail.zol.com.cn/1420/1419242/param.shtml
1405718,联发科天玑9000,None,6.78英寸需双手打字,2400x1080px1080P高清,5000万像素高清级像素,3200万像素高清级像素,4500mAh大电池,None,None,12GB游戏运行良好,http://detail.zol.com.cn/1406/1405718/param.shtml
1405719,联发科天玑9000,None,6.78英寸需双手打字,2400x1080px1080P高清,5000万像素高清级像素,3200万像素高清级像素,4500mAh大电池,None,None,8GB游戏运行良好,http://detail.zol.com.cn/1406/1405719/param.shtml
1948985,联发科天玑9300,None,6.78英寸需双手打字,2800x1260px1080P高清,5000万像素高清级像素,3200万像素高清级像素,5400mAh大电池,None,None,16GB游戏运行良好,http://detail.zol.com.cn/1949/1948985/param.shtml
1610688,联发科天玑7200,None,6.78英寸需双手打字,2400x1080px1080P高清,6400万像素高清级像素,1600万像素高清级像素,4600mAh大电池,None,None,12GB游戏运行良好,http://detail.zol.com.cn/1611/1610688/param.shtml
1439840,None,None,None,None,None,None,None,None,None,None,http://detail.zol.com.cn/1440/1439840/param.shtml
1357342,联发科天玑820,2021年01月,6.44英寸需双手打字,2400x1080像素1080P高清,6400万像素高清级像素,4400万像素高清级像素,4000mAh大电池,None,None,8GB游戏运行良好,http://detail.zol.com.cn/1358/1357342/param.shtml
1395985,None,None,None,None,None,None,None,None,None,None,http://detail.zol.com.cn/1396/1395985/param.shtml
1371825,None,2021年06月01日,None,None,None,None,None,None,None,None,http://detail.zol.com.cn/1372/1371825/param.shtml
1361588,联发科天玑1100,None,6.44英寸需双手打字,2400x1080像素1080P高清,6400万像素高清级像素,4400万像素高清级像素,4000mAh大电池,None,None,12GB游戏运行良好,http://detail.zol.com.cn/1362/1361588/param.shtml
1352129,三星Exynos1080,None,6.56英寸需双手打字,2376x1080像素1080P高清,4800万像素高清级像素,3200万像素高清级像素,4300mAh大电池,None,None,8GB游戏运行良好,http://detail.zol.com.cn/1353/1352129/param.shtml
1371579,三星Exynos1080,2021年06月01日,6.56英寸需双手打字,2376x1080px1080P高清,4800万像素高清级像素,3200万像素高清级像素,4200mAh大电池,None,None,8GB游戏运行良好,http://detail.zol.com.cn/1372/1371579/param.shtml
1357164,联发科天玑800U,2020年12月10日,6.44英寸需双手打字,2400x1080像素1080P高清,6400万像素高清级像素,3200万像素高清级像素,4100mAh大电池,None,None,8GB游戏运行良好,http://detail.zol.com.cn/1358/1357164/param.shtml
1424162,联发科天玑810,None,6.58英寸需双手打字,2408x1080px1080P高清,1300万像素高清级像素,800万像素普通级像素,5000mAh大电池,None,None,8GB游戏运行良好,http://detail.zol.com.cn/1425/1424162/param.shtml
1374474,None,2021年06月,None,None,None,None,None,None,None,None,http://detail.zol.com.cn/1375/1374474/param.shtml
1396115,联发科天玑1100,None,6.44英寸需双手打字,2400x1080px1080P高清,1.08亿像素普通级像素,4400万像素高清级像素,4200mAh大电池,None,None,12GB游戏运行良好,http://detail.zol.com.cn/1397/1396115/param.shtml
1494635,None,None,None,None,None,None,None,None,None,None,http://detail.zol.com.cn/1495/1494635/param.shtml
1955899,None,None,None,None,None,None,None,None,None,None,http://detail.zol.com.cn/1956/1955899/param.shtml
1350638,联发科天玑800U,2020年12月10日,6.44英寸需双手打字,2400x1080像素1080P高清,6400万像素高清级像素,3200万像素高清级像素,4100mAh大电池,None,None,8GB游戏运行良好,http://detail.zol.com.cn/1351/1350638/param.shtml
1955923,联发科天玑6020,None,None,None,None,None,None,None,None,None,http://detail.zol.com.cn/1956/1955923/param.shtml
1405722,联发科天玑9000,None,6.78英寸需双手打字,2400x1080px1080P高清,5000万像素高清级像素,3200万像素高清级像素,4500mAh大电池,None,None,8GB游戏运行良好,http://detail.zol.com.cn/1406/1405722/param.shtml
1438560,三星Exynos1080,None,None,None,None,None,None,None,None,None,http://detail.zol.com.cn/1439/1438560/param.shtml
1401411,联发科天玑700,None,6.51英寸需双手打字,1600x720px720P普清,1300万像素高清级像素,800万像素普通级像素,5000mAh大电池,None,None,4GB游戏运行良好,http://detail.zol.com.cn/1402/1401411/param.shtml
1409693,高通骁龙870巅峰版,None,6.62英寸需双手打字,2400x1080px1080P高清,6400万像素高清级像素,3200万像素高清级像素,4500mAh大电池,None,None,8GB游戏运行良好,http://detail.zol.com.cn/1410/1409693/param.shtml
1397040,None,None,None,None,None,None,None,None,None,None,http://detail.zol.com.cn/1398/1397040/param.shtml
1387204,联发科天玑1200-vivo,None,6.56英寸需双手打字,2376x1080px1080P高清,4000万像素高清级像素,3200万像素高清级像素,4400mAh大电池,None,None,12GB游戏运行良好,http://detail.zol.com.cn/1388/1387204/param.shtml
1955921,联发科天玑6020,None,None,None,None,None,None,None,None,None,http://detail.zol.com.cn/1956/1955921/param.shtml
1334224,高通骁龙765G,None,6.44英寸需双手打字,2400x1080像素1080P高清,6400万像素高清级像素,4400万像素高清级像素,4000mAh大电池,None,None,8GB游戏运行良好,http://detail.zol.com.cn/1335/1334224/param.shtml
1436794,联发科天玑7005G移动平台,None,6.51英寸需双手打字,1600x720px720P普清,1300万像素高清级像素,500万像素普通级像素,5000mAh大电池,None,None,8GB游戏运行良好,http://detail.zol.com.cn/1437/1436794/param.shtml
1362676,联发科HelioP65,2021年03月,6.51英寸需双手打字,1600x720像素720P普清,1300万像素高清级像素,800万像素普通级像素,5000mAh大电池,None,None,8GB游戏运行良好,http://detail.zol.com.cn/1363/1362676/param.shtml
1324731,三星Exynos880,2020年06月01日,6.53英寸需双手打字,2340x1080像素1080P高清,4800万像素高清级像素,1600万像素高清级像素,4500mAh大电池,None,None,6GB游戏运行良好,http://detail.zol.com.cn/1325/1324731/param.shtml
1361590,联发科天玑820,None,6.44英寸需双手打字,2404x1080像素1080P高清,6400万像素高清级像素,3200万像素高清级像素,4100mAh大电池,None,None,8GB游戏运行良好,http://detail.zol.com.cn/1362/1361590/param.shtml
1405724,三星Exynos1080,None,6.44英寸需双手打字,2404x1080px1080P高清,5000万像素高清级像素,1600万像素高清级像素,4700mAh大电池,None,None,8GB游戏运行良好,http://detail.zol.com.cn/1406/1405724/param.shtml
1438554,高通骁龙870,None,6.78英寸需双手打字,2400x1080px1080P高清,6400万像素高清级像素,5000万像素高清级像素,4600mAh大电池,None,None,8GB游戏运行良好,http://detail.zol.com.cn/1439/1438554/param.shtml
1324729,高通骁龙765G,None,6.56英寸需双手打字,2376x1080px1080P高清,4800万像素高清级像素,3200万像素高清级像素,4200mAh大电池,None,None,8GB游戏运行良好,http://detail.zol.com.cn/1325/1324729/param.shtml
1610687,联发科天玑7200,None,6.78英寸需双手打字,2400x1080px1080P高清,6400万像素高清级像素,1600万像素高清级像素,4600mAh大电池,None,None,8GB游戏运行良好,http://detail.zol.com.cn/1611/1610687/param.shtml
1409695,联发科天玑8100,None,6.56英寸需双手打字,2376x1080px1080P高清,5000万像素高清级像素,3200万像素高清级像素,4500mAh大电池,None,None,12GB游戏运行良好,http://detail.zol.com.cn/1410/1409695/param.shtml
1428478,联发科天玑9200,None,6.78英寸需双手打字,2800x1260px1080P高清,5000万像素高清级像素,3200万像素高清级像素,4870mAh大电池,None,None,8GB游戏运行良好,http://detail.zol.com.cn/1429/1428478/param.shtml
1401410,联发科天玑700,None,6.51英寸需双手打字,1600x720px720P普清,1300万像素高清级像素,800万像素普通级像素,5000mAh大电池,None,None,6GB游戏运行良好,http://detail.zol.com.cn/1402/1401410/param.shtml
1392798,联发科天玑9000,None,6.78英寸需双手打字,3200x1440px2K超清,5000万像素高清级像素,3200万像素高清级像素,4700mAh大电池,None,None,12GB游戏运行良好,http://detail.zol.com.cn/1393/1392798/param.shtml
1611426,None,None,None,None,None,None,None,None,None,None,http://detail.zol.com.cn/1612/1611426/param.shtml
1403276,高通骁龙8Gen1,None,8.03英寸需双手打字,2160x1916px2K超清,5000万像素高清级像素,1600万像素高清级像素,4600mAh大电池,None,None,12GB游戏运行良好,http://detail.zol.com.cn/1404/1403276/param.shtml
1439919,联发科天玑700,None,6.51英寸需双手打字,1600x720px720P普清,1300万像素高清级像素,500万像素普通级像素,5000mAh大电池,None,None,6GB游戏运行良好,http://detail.zol.com.cn/1440/1439919/param.shtml
1395708,三星Exynos1080,None,6.56英寸需双手打字,2376x1080px1080P高清,4000万像素高清级像素,3200万像素高清级像素,4400mAh大电池,None,None,8GB游戏运行良好,http://detail.zol.com.cn/1396/1395708/param.shtml
1429498,联发科天玑700,None,6.58英寸需双手打字,2408×1080像素1080P高清,5000万像素高清级像素,800万像素普通级像素,6000mAh大电池,None,None,8GB游戏运行良好,http://detail.zol.com.cn/1430/1429498/param.shtml
1391727,联发科天玑900,None,6.58英寸需双手打字,2408x1080px1080P高清,6400万像素高清级像素,800万像素普通级像素,5000mAh大电池,None,None,8GB游戏运行良好,http://detail.zol.com.cn/1392/1391727/param.shtml
1325254,高通骁龙765G,None,6.56英寸需双手打字,2376x1080像素1080P高清,4800万像素高清级像素,3200万像素高清级像素,4315mAh大电池,None,None,8GB游戏运行良好,http://detail.zol.com.cn/1326/1325254/param.shtml
1395802,None,None,None,None,None,None,None,None,None,None,http://detail.zol.com.cn/1396/1395802/param.shtml
1383974,None,2021年08月,None,None,None,None,None,None,None,None,http://detail.zol.com.cn/1384/1383974/param.shtml
1439839,None,None,None,None,None,None,None,None,None,None,http://detail.zol.com.cn/1440/1439839/param.shtml
1405725,三星Exynos1080,None,6.44英寸需双手打字,2404x1080px1080P高清,5000万像素高清级像素,1600万像素高清级像素,4700mAh大电池,None,None,8GB游戏运行良好,http://detail.zol.com.cn/1406/1405725/param.shtml
1955922,联发科天玑6020,None,None,None,None,None,None,None,None,None,http://detail.zol.com.cn/1956/1955922/param.shtml
1438556,高通骁龙870,None,6.78英寸需双手打字,2400x1080px1080P高清,6400万像素高清级像素,5000万像素高清级像素,4600mAh大电池,None,None,12GB游戏运行良好,http://detail.zol.com.cn/1439/1438556/param.shtml
1402208,联发科MT6765,2020年12月,6.51英寸需双手打字,1600x720px720P普清,1300万像素高清级像素,800万像素普通级像素,5000mAh大电池,None,None,4GB游戏运行良好,http://detail.zol.com.cn/1403/1402208/param.shtml
1374539,高通骁龙888,2021年06月,6.56英寸需双手打字,2376x1080像素1080P高清,5000万像素高清级像素,3200万像素高清级像素,4200mAh大电池,None,None,8GB游戏运行良好,http://detail.zol.com.cn/1375/1374539/param.shtml
1955924,联发科天玑6020,None,None,None,None,None,None,None,None,None,http://detail.zol.com.cn/1956/1955924/param.shtml
1373731,联发科天玑1100,None,6.44英寸需双手打字,2400x1080像素1080P高清,6400万像素高清级像素,4400万像素高清级像素,4000mAh大电池,None,None,8GB游戏运行良好,http://detail.zol.com.cn/1374/1373731/param.shtml
1438733,None,None,None,None,None,None,None,None,None,None,http://detail.zol.com.cn/1439/1438733/param.shtml
1419243,联发科天玑930,None,6.64英寸需双手打字,2388x1080px1080P高清,5000万像素高清级像素,800万像素普通级像素,4500mAh大电池,None,None,8GB游戏运行良好,http://detail.zol.com.cn/1420/1419243/param.shtml
1438559,三星Exynos1080,None,None,None,None,None,None,None,None,None,http://detail.zol.com.cn/1439/1438559/param.shtml
1396114,联发科天玑1200,None,6.56英寸需双手打字,2376x1080px1080P高清,1.08亿像素普通级像素,5000万像素高清级像素,4300mAh大电池,None,None,12GB游戏运行良好,http://detail.zol.com.cn/1397/1396114/param.shtml
1360214,联发科天玑720,2020年10月,6.44英寸需双手打字,2400x1080像素1080P高清,4800万像素高清级像素,1600万像素高清级像素,4100mAh大电池,None,None,8GB游戏运行良好,http://detail.zol.com.cn/1361/1360214/param.shtml
1387199,高通骁龙888Plus,None,6.78英寸需双手打字,3200x1440px2K超清,5000万像素高清级像素,3200万像素高清级像素,4500mAh大电池,None,None,12GB游戏运行良好,http://detail.zol.com.cn/1388/1387199/param.shtml
1391963,高通骁龙778G,None,6.67英寸需双手打字,2400x1080px1080P高清,6400万像素高清级像素,1600万像素高清级像素,5000mAh大电池,None,None,12GB游戏运行良好,http://detail.zol.com.cn/1392/1391963/param.shtml
1392142,联发科天玑900,None,6.44英寸需双手打字,2400x1080px1080P高清,6400万像素高清级像素,3200万像素高清级像素,4050mAh大电池,None,None,8GB游戏运行良好,http://detail.zol.com.cn/1393/1392142/param.shtml
1357169,联发科天玑720,2020年10月,6.44英寸需双手打字,2400x1080像素1080P高清,4800万像素高清级像素,1600万像素高清级像素,4100mAh大电池,None,None,6GB游戏运行良好,http://detail.zol.com.cn/1358/1357169/param.shtml
1631382,None,None,None,None,None,None,None,None,None,None,http://detail.zol.com.cn/1632/1631382/param.shtml
1378668,联发科天玑1100,None,6.44英寸需双手打字,2400x1080像素1080P高清,6400万像素高清级像素,4400万像素高清级像素,4050mAh大电池,None,None,8GB游戏运行良好,http://detail.zol.com.cn/1379/1378668/param.shtml
1371581,三星Exynos1080,2021年06月01日,6.56英寸需双手打字,2376x1080px1080P高清,4800万像素高清级像素,3200万像素高清级像素,4200mAh大电池,None,None,12GB游戏运行良好,http://detail.zol.com.cn/1372/1371581/param.shtml
1436792,联发科天玑7005G移动平台,None,6.51英寸需双手打字,1600x720px720P普清,1300万像素高清级像素,500万像素普通级像素,5000mAh大电池,None,None,4GB游戏运行良好,http://detail.zol.com.cn/1437/1436792/param.shtml
1631380,None,None,None,None,None,None,None,None,None,None,http://detail.zol.com.cn/1632/1631380/param.shtml
1439838,None,None,None,None,None,None,None,None,None,None,http://detail.zol.com.cn/1440/1439838/param.shtml
1478239,联发科天玑1100,None,None,None,None,None,None,None,None,None,http://detail.zol.com.cn/1479/1478239/param.shtml
1356331,高通骁龙888,None,6.56英寸需双手打字,2376x1080像素1080P高清,5000万像素高清级像素,3200万像素高清级像素,4200mAh大电池,None,None,12GB游戏运行良好,http://detail.zol.com.cn/1357/1356331/param.shtml
1374740,None,2021年06月,None,None,None,None,None,None,None,None,http://detail.zol.com.cn/1375/1374740/param.shtml
1369670,None,None,None,None,None,None,None,None,None,None,http://detail.zol.com.cn/1370/1369670/param.shtml
1313053,高通骁龙765G,None,6.57英寸需双手打字,2400x1080像素1080P高清,4800万像素高清级像素,1600万像素高清级像素,5000mAh大电池,None,None,8GB游戏运行良好,http://detail.zol.com.cn/1314/1313053/param.shtml
1402206,高通骁龙662,None,6.51英寸需双手打字,1600x720px720P普清,1300万像素高清级像素,800万像素普通级像素,5000mAh大电池,None,None,8GB游戏运行良好,http://detail.zol.com.cn/1403/1402206/param.shtml
1438558,联发科天玑8200,None,6.78英寸需双手打字,2400x1080px1080P高清,5000万像素高清级像素,5000万像素高清级像素,4600mAh大电池,None,None,12GB游戏运行良好,http://detail.zol.com.cn/1439/1438558/param.shtml
1391964,高通骁龙778G,None,6.67英寸需双手打字,2400x1080px1080P高清,6400万像素高清级像素,1600万像素高清级像素,5000mAh大电池,None,None,8GB游戏运行良好,http://detail.zol.com.cn/1392/1391964/param.shtml
1365696,联发科天玑1100,2021年03月,6.56英寸需双手打字,2376x1080像素1080P高清,4800万像素高清级像素,3200万像素高清级像素,4300mAh大电池,None,None,8GB游戏运行良好,http://detail.zol.com.cn/1366/1365696/param.shtml
1405721,高通骁龙8Gen1,None,6.78英寸需双手打字,3200x1440px2K超清,5000万像素高清级像素,3200万像素高清级像素,4700mAh大电池,None,None,8GB游戏运行良好,http://detail.zol.com.cn/1406/1405721/param.shtml
1411578,联发科天玑1300,None,6.58英寸需双手打字,2408x1080px1080P高清,5000万像素高清级像素,1600万像素高清级像素,6000mAh大电池,None,None,8GB游戏运行良好,http://detail.zol.com.cn/1412/1411578/param.shtml
1387198,高通骁龙888Plus,None,6.78英寸需双手打字,3200x1440px2K超清,5000万像素高清级像素,3200万像素高清级像素,4500mAh大电池,None,None,8GB游戏运行良好,http://detail.zol.com.cn/1388/1387198/param.shtml
1387202,三星Exynos1080,None,6.56英寸需双手打字,2376x1080px1080P高清,5000万像素高清级像素,3200万像素高清级像素,4450mAh大电池,None,None,12GB游戏运行良好,http://detail.zol.com.cn/1388/1387202/param.shtml
1355574,高通骁龙480,2021年01月,None,None,None,None,None,None,None,None,http://detail.zol.com.cn/1356/1355574/param.shtml
1395711,三星Exynos1080,None,6.56英寸需双手打字,2376x1080px1080P高清,4000万像素高清级像素,3200万像素高清级像素,4400mAh大电池,None,None,8GB游戏运行良好,http://detail.zol.com.cn/1396/1395711/param.shtml
1406436,高通骁龙870,None,6.62英寸需双手打字,2400x1080像素1080P高清,6400万像素高清级像素,1600万像素高清级像素,4700mAh大电池,None,None,8GB游戏运行良好,http://detail.zol.com.cn/1407/1406436/param.shtml
1402207,联发科MT6765,2020年12月,6.51英寸需双手打字,1600x720px720P普清,1300万像素高清级像素,800万像素普通级像素,5000mAh大电池,None,None,4GB游戏运行良好,http://detail.zol.com.cn/1403/1402207/param.shtml
1387200,三星Exynos1080,None,6.56英寸需双手打字,2376x1080px1080P高清,5000万像素高清级像素,3200万像素高清级像素,4450mAh大电池,None,None,8GB游戏运行良好,http://detail.zol.com.cn/1388/1387200/param.shtml
1955912,曦力G85,None,None,None,None,None,None,None,None,None,http://detail.zol.com.cn/1956/1955912/param.shtml
1425133,联发科天玑810,None,6.58英寸需双手打字,2408x1080px1080P高清,5000万像素高清级像素,800万像素普通级像素,5000mAh大电池,None,None,8GB游戏运行良好,http://detail.zol.com.cn/1426/1425133/param.shtml
1385169,联发科天玑1100,None,6.44英寸需双手打字,2400x1080px1080P高清,1.08亿像素普通级像素,4400万像素高清级像素,4050mAh大电池,None,None,8GB游戏运行良好,http://detail.zol.com.cn/1386/1385169/param.shtml
1813575,None,None,None,None,None,None,None,None,None,None,http://detail.zol.com.cn/1814/1813575/param.shtml
1525691,None,None,None,None,None,None,None,None,None,None,http://detail.zol.com.cn/1526/1525691/param.shtml
1374544,高通骁龙888,2021年06月,6.56英寸需双手打字,2376x1080像素1080P高清,5000万像素高清级像素,3200万像素高清级像素,4200mAh大电池,None,None,12GB游戏运行良好,http://detail.zol.com.cn/1375/1374544/param.shtml
1439826,联发科天玑1300,None,6.58英寸需双手打字,2408x1080px1080P高清,5000万像素高清级像素,1600万像素高清级像素,6000mAh大电池,None,None,6GB游戏运行良好,http://detail.zol.com.cn/1440/1439826/param.shtml
1419241,联发科天玑930,None,6.64英寸需双手打字,2388x1080px1080P高清,5000万像素高清级像素,800万像素普通级像素,4500mAh大电池,None,None,6GB游戏运行良好,http://detail.zol.com.cn/1420/1419241/param.shtml
1387203,联发科天玑1200-vivo,None,6.56英寸需双手打字,2376x1080px1080P高清,4000万像素高清级像素,3200万像素高清级像素,4400mAh大电池,None,None,8GB游戏运行良好,http://detail.zol.com.cn/1388/1387203/param.shtml
1383976,None,2021年08月,None,None,None,None,None,None,None,None,http://detail.zol.com.cn/1384/1383976/param.shtml
1405723,联发科天玑9000,None,6.78英寸需双手打字,3200x1440px2K超清,5000万像素高清级像素,3200万像素高清级像素,4700mAh大电池,None,None,12GB游戏运行良好,http://detail.zol.com.cn/1406/1405723/param.shtml
1371580,三星Exynos1080,2021年06月01日,6.56英寸需双手打字,2376x1080px1080P高清,4800万像素高清级像素,3200万像素高清级像素,4200mAh大电池,None,None,8GB游戏运行良好,http://detail.zol.com.cn/1372/1371580/param.shtml
1424161,联发科天玑810,None,6.58英寸需双手打字,2408x1080px1080P高清,1300万像素高清级像素,800万像素普通级像素,5000mAh大电池,None,None,8GB游戏运行良好,http://detail.zol.com.cn/1425/1424161/param.shtml
1369666,联发科天玑720,2020年12月12日,6.58英寸需双手打字,2408x1080像素1080P高清,4800万像素高清级像素,800万像素普通级像素,5000mAh大电池,None,None,8GB游戏运行良好,http://detail.zol.com.cn/1370/1369666/param.shtml
1611428,None,None,None,None,None,None,None,None,None,None,http://detail.zol.com.cn/1612/1611428/param.shtml
1396498,None,None,None,None,None,None,None,None,None,None,http://detail.zol.com.cn/1397/1396498/param.shtml
1327147,三星Exynos880,2020年06月01日,6.53英寸需双手打字,2340x1080像素1080P高清,4800万像素高清级像素,1600万像素高清级像素,4500mAh大电池,None,None,8GB游戏运行良好,http://detail.zol.com.cn/1328/1327147/param.shtml
1494636,None,None,None,None,None,None,None,None,None,None,http://detail.zol.com.cn/1495/1494636/param.shtml
1371831,None,2021年06月01日,None,None,None,None,None,None,None,None,http://detail.zol.com.cn/1372/1371831/param.shtml
1395986,None,None,None,None,None,None,None,None,None,None,http://detail.zol.com.cn/1396/1395986/param.shtml
1429499,联发科天玑700,None,6.58英寸需双手打字,2408×1080像素1080P高清,5000万像素高清级像素,800万像素普通级像素,6000mAh大电池,None,None,12GB游戏运行良好,http://detail.zol.com.cn/1430/1429499/param.shtml
1423481,三星Exynos880,None,6.53英寸需双手打字,2340x1080px1080P高清,4800万像素高清级像素,800万像素普通级像素,4500mAh大电池,None,None,8GB游戏运行良好,http://detail.zol.com.cn/1424/1423481/param.shtml
1438734,None,None,None,None,None,None,None,None,None,None,http://detail.zol.com.cn/1439/1438734/param.shtml
1395710,三星Exynos1080,None,6.56英寸需双手打字,2376x1080px1080P高清,4000万像素高清级像素,3200万像素高清级像素,4400mAh大电池,None,None,12GB游戏运行良好,http://detail.zol.com.cn/1396/1395710/param.shtml
1387201,三星Exynos1080,None,6.56英寸需双手打字,2376x1080px1080P高清,5000万像素高清级像素,3200万像素高清级像素,4450mAh大电池,None,None,8GB游戏运行良好,http://detail.zol.com.cn/1388/1387201/param.shtml
1357045,联发科HelioP35（MT6765）,2021年01月,6.51英寸需双手打字,1600x720像素720P普清,1300万像素高清级像素,800万像素普通级像素,5000mAh大电池,None,None,3GB游戏运行良好,http://detail.zol.com.cn/1358/1357045/param.shtml
1438737,None,None,None,None,None,None,None,None,None,None,http://detail.zol.com.cn/1439/1438737/param.shtml
1429497,联发科天玑700,None,6.58英寸需双手打字,2408×1080像素1080P高清,5000万像素高清级像素,800万像素普通级像素,6000mAh大电池,None,None,8GB游戏运行良好,http://detail.zol.com.cn/1430/1429497/param.shtml
1397790,联发科天玑1200,None,6.56英寸需双手打字,2376x1080px1080P高清,1.08亿像素普通级像素,5000万像素高清级像素,4300mAh大电池,None,None,8GB游戏运行良好,http://detail.zol.com.cn/1398/1397790/param.shtml
1423916,高通骁龙8+Gen1,None,8.03英寸需双手打字,2160x1916px2K超清,5000万像素高清级像素,1600万像素高清级像素,4600mAh大电池,None,None,12GB游戏运行良好,http://detail.zol.com.cn/1424/1423916/param.shtml
1371830,None,2021年06月01日,None,None,None,None,None,None,None,None,http://detail.zol.com.cn/1372/1371830/param.shtml
1322302,三星Exynos980,2020年05月,6.44英寸需双手打字,2400x1080px1080P高清,4800万像素高清级像素,3200万像素高清级像素,4500mAh大电池,None,None,8GB游戏运行良好,http://detail.zol.com.cn/1323/1322302/param.shtml
1396499,None,None,None,None,None,None,None,None,None,None,http://detail.zol.com.cn/1397/1396499/param.shtml
1391971,联发科天玑900,None,6.58英寸需双手打字,2408x1080px1080P高清,6400万像素高清级像素,800万像素普通级像素,5000mAh大电池,None,None,6GB游戏运行良好,http://detail.zol.com.cn/1392/1391971/param.shtml
1391970,联发科天玑900,None,6.58英寸需双手打字,2408x1080px1080P高清,6400万像素高清级像素,800万像素普通级像素,5000mAh大电池,None,None,8GB游戏运行良好,http://detail.zol.com.cn/1392/1391970/param.shtml
1438736,None,None,None,None,None,None,None,None,None,None,http://detail.zol.com.cn/1439/1438736/param.shtml
1438735,None,None,None,None,None,None,None,None,None,None,http://detail.zol.com.cn/1439/1438735/param.shtml
1338633,高通骁龙460,2020年08月,6.51英寸需双手打字,1600x720像素720P普清,1300万像素高清级像素,800万像素普通级像素,5000mAh大电池,None,None,3GB游戏运行良好,http://detail.zol.com.cn/1339/1338633/param.shtml
1356935,联发科HelioG80,2021年01月,6.51英寸需双手打字,1600x720像素720P普清,1300万像素高清级像素,800万像素普通级像素,5000mAh大电池,None,None,6GB游戏运行良好,http://detail.zol.com.cn/1357/1356935/param.shtml
1815108,None,None,None,None,None,None,None,None,None,None,http://detail.zol.com.cn/1816/1815108/param.shtml
1248809,高通骁龙710AIE,2019年01月,6.39英寸需双手打字,2340x1080像素1080P高清,1200万像素高清级像素,1200万像素高清级像素,3425mAh大电池,None,None,8GB游戏运行良好,http://detail.zol.com.cn/1249/1248809/param.shtml
1208362,高通 骁龙845,2018年,None,None,None,None,None,None,None,None,http://detail.zol.com.cn/1209/1208362/param.shtml
1177165,高通 骁龙850,2018年,None,None,None,None,None,None,None,None,http://detail.zol.com.cn/1178/1177165/param.shtml
1222104,高通骁龙845,2018年,None,None,None,None,None,None,None,8GB游戏运行良好,http://detail.zol.com.cn/1223/1222104/param.shtml
1222132,高通骁龙450,2018年,5.99英寸可单手打字,1440x720像素720P普清,1600万像素高清级像素,2400万像素高清级像素,None,None,None,4GB游戏运行良好,http://detail.zol.com.cn/1223/1222132/param.shtml
1300327,高通骁龙675,2019年,6.53英寸需双手打字,1520x720像素720P普清,1600万像素高清级像素,1600万像素高清级像素,4000mAh大电池,None,None,4GB游戏运行良好,http://detail.zol.com.cn/1301/1300327/param.shtml
1272322,高通骁龙855,2019年,6.59英寸需双手打字,2316x1080像素1080P高清,1200万像素高清级像素,800万像素普通级像素,4000mAh大电池,None,None,6GB游戏运行良好,http://detail.zol.com.cn/1273/1272322/param.shtml
1327645,高通骁龙765G,2020年,None,None,6400万像素高清级像素,3200万像素高清级像素,4200mAh大电池,None,None,None,http://detail.zol.com.cn/1328/1327645/param.shtml
1329055,联发科MT6762,2019年,6.35英寸需双手打字,1544x720像素720P普清,1300万像素高清级像素,800万像素普通级像素,5000mAh大电池,None,None,3GB游戏运行良好,http://detail.zol.com.cn/1330/1329055/param.shtml
1208741,None,2018年,None,None,None,None,None,None,None,None,http://detail.zol.com.cn/1209/1208741/param.shtml
1290915,高通骁龙675AIE,2019年,6.44英寸需双手打字,2400x1080像素1080P高清,4800万像素高清级像素,3200万像素高清级像素,4100mAh大电池,None,None,8GB游戏运行良好,http://detail.zol.com.cn/1291/1290915/param.shtml
1294441,高通骁龙665,2019年,6.53英寸需双手打字,1520x720像素720P普清,1300万像素高清级像素,800万像素普通级像素,5000mAh大电池,None,None,3GB/4GB游戏运行良好,http://detail.zol.com.cn/1295/1294441/param.shtml
1298322,联发科HelioP70,2019年03月,6.53英寸需双手打字,2340x1080像素1080P高清,1200万像素高清级像素,2480万像素高清级像素,3940mAh大电池,None,None,6GB游戏运行良好,http://detail.zol.com.cn/1299/1298322/param.shtml
1241602,高通骁龙439,2018年11月,6.22英寸需双手打字,1520x720像素720P普清,1300万像素高清级像素,2000万像素高清级像素,4030mAh大电池,None,None,4GB游戏运行良好,http://detail.zol.com.cn/1242/1241602/param.shtml
1255319,高通骁龙675,2019年,5.99英寸可单手打字,1280x720像素720P普清,4800万像素高清级像素,3200万像素高清级像素,4000mAh大电池,None,None,6GB游戏运行良好,http://detail.zol.com.cn/1256/1255319/param.shtml
1255323,高通骁龙675,2019年,6.39英寸需双手打字,2340x1080像素1080P高清,4800万像素高清级像素,3200万像素高清级像素,3700mAh大电池,None,None,6GB/8GB游戏运行良好,http://detail.zol.com.cn/1256/1255323/param.shtml
1315293,高通骁龙712,2020年03月,None,None,None,None,None,None,None,None,http://detail.zol.com.cn/1316/1315293/param.shtml
1283101,联发科MT6765,2019年,6.35英寸需双手打字,1544x720像素720P普清,1300万像素高清级像素,2000万像素高清级像素,5000mAh大电池,None,None,4GB游戏运行良好,http://detail.zol.com.cn/1284/1283101/param.shtml
1310564,高通骁龙865,2020年02月,6.45英寸需双手打字,None,4800万像素高清级像素,1600万像素高清级像素,2000mAh小电池,None,None,12GB游戏运行良好,http://detail.zol.com.cn/1311/1310564/param.shtml
1252491,高通骁龙710,2019年,5.99英寸可单手打字,1280x720像素720P普清,2400万像素高清级像素,2400万像素高清级像素,4000mAh大电池,None,None,6GB游戏运行良好,http://detail.zol.com.cn/1253/1252491/param.shtml
1280702,高通骁龙712,2019年07月,6.53英寸需双手打字,2340x1080px1080P高清,1600万像素高清级像素,1600万像素高清级像素,5000mAh大电池,None,None,8GB游戏运行良好,http://detail.zol.com.cn/1281/1280702/param.shtml
1282545,None,None,None,None,800万像素普通级像素,500万像素普通级像素,None,None,None,2GB游戏运行良好,http://detail.zol.com.cn/1283/1282545/param.shtml
1286805,高通骁龙665,2019年,None,None,800万像素普通级像素,500万像素普通级像素,None,None,None,3GB游戏运行良好,http://detail.zol.com.cn/1287/1286805/param.shtml
1228565,None,2018年,6.22英寸需双手打字,None,1300万像素高清级像素,800万像素普通级像素,3260mAh小电池,None,None,4GB游戏运行良好,http://detail.zol.com.cn/1229/1228565/param.shtml
1228574,高通骁龙660,2018年,6.41英寸需双手打字,None,1200万像素高清级像素,2500万像素高清级像素,3400mAh大电池,None,None,6GB游戏运行良好,http://detail.zol.com.cn/1229/1228574/param.shtml
1169949,None,2017年,None,None,None,None,None,None,None,None,http://detail.zol.com.cn/1170/1169949/param.shtml
320689,None,2012年,None,None,None,None,None,None,None,None,http://detail.zol.com.cn/321/320689/param.shtml
1162262,None,2016年12月,None,None,None,None,None,None,None,None,http://detail.zol.com.cn/1163/1162262/param.shtml
1251180,None,2019年,None,None,None,None,None,None,None,None,http://detail.zol.com.cn/1252/1251180/param.shtml
380227,None,2014年,None,None,None,None,None,None,None,None,http://detail.zol.com.cn/381/380227/param.shtml
141452,None,2008年04月,None,None,None,None,None,None,None,None,http://detail.zol.com.cn/142/141452/param.shtml
1250849,None,2018年09月11日,None,None,None,None,None,None,None,None,http://detail.zol.com.cn/1251/1250849/param.shtml
1219823,None,2018年06月,None,None,None,None,None,None,None,None,http://detail.zol.com.cn/1220/1219823/param.shtml
1277830,None,2019年04月,None,None,None,None,None,None,None,None,http://detail.zol.com.cn/1278/1277830/param.shtml
1277843,None,2019年05月,None,None,None,None,None,None,None,None,http://detail.zol.com.cn/1278/1277843/param.shtml
405334,None,2015年07月,None,None,None,None,None,None,None,None,http://detail.zol.com.cn/406/405334/param.shtml
1304279,None,None,None,None,None,None,None,None,None,None,http://detail.zol.com.cn/1305/1304279/param.shtml
344650,None,2013年,None,None,None,None,None,None,None,None,http://detail.zol.com.cn/345/344650/param.shtml
1158842,None,2016年11月24日,None,None,None,None,None,None,None,None,http://detail.zol.com.cn/1159/1158842/param.shtml
1158949,None,2016年12月30日,None,None,None,None,None,None,None,None,http://detail.zol.com.cn/1159/1158949/param.shtml
346411,None,2013年,None,None,None,None,None,None,None,None,http://detail.zol.com.cn/347/346411/param.shtml
1159623,None,2016年12月12日,None,None,None,None,None,None,None,None,http://detail.zol.com.cn/1160/1159623/param.shtml
1209808,None,2018年3月28日,None,None,None,None,None,None,None,None,http://detail.zol.com.cn/1210/1209808/param.shtml
1209812,None,2018年3月28日,None,None,None,None,None,None,None,None,http://detail.zol.com.cn/1210/1209812/param.shtml
404244,None,2015年07月,None,None,None,None,None,None,None,None,http://detail.zol.com.cn/405/404244/param.shtml
404332,None,2015年07月,None,None,None,None,None,None,None,None,http://detail.zol.com.cn/405/404332/param.shtml
135689,None,2008年01月,None,None,None,None,None,None,None,None,http://detail.zol.com.cn/136/135689/param.shtml
1240007,None,2018年11月,None,None,None,None,None,None,None,None,http://detail.zol.com.cn/1241/1240007/param.shtml
1328242,None,2020年07月,None,None,None,None,None,None,None,None,http://detail.zol.com.cn/1329/1328242/param.shtml
217439,None,2010年,None,None,None,None,None,None,None,None,http://detail.zol.com.cn/218/217439/param.shtml
1297396,None,2019年10月,None,None,None,None,None,None,None,None,http://detail.zol.com.cn/1298/1297396/param.shtml
1297410,None,2019年10月,None,None,None,None,None,None,None,None,http://detail.zol.com.cn/1298/1297410/param.shtml
1357320,None,None,None,None,None,None,None,None,None,None,http://detail.zol.com.cn/1358/1357320/param.shtml
1208237,None,2017年12月,None,None,None,None,None,None,None,None,http://detail.zol.com.cn/1209/1208237/param.shtml
1148852,None,2016年06月,None,None,None,None,None,None,None,None,http://detail.zol.com.cn/1149/1148852/param.shtml
1237418,None,2018年11月,None,None,None,None,None,None,None,None,http://detail.zol.com.cn/1238/1237418/param.shtml
171088,None,None,None,None,None,None,None,None,None,None,http://detail.zol.com.cn/172/171088/param.shtml
382148,None,2014年06月,None,None,None,None,None,None,None,None,http://detail.zol.com.cn/383/382148/param.shtml
1252200,None,2019年,None,None,None,None,None,None,None,None,http://detail.zol.com.cn/1253/1252200/param.shtml
261016,None,2010年10月,None,None,None,None,None,None,None,None,http://detail.zol.com.cn/262/261016/param.shtml
393400,None,2014年12月,None,None,None,None,None,None,None,None,http://detail.zol.com.cn/394/393400/param.shtml
304263,None,2011年,None,None,None,None,None,None,None,None,http://detail.zol.com.cn/305/304263/param.shtml
1234838,None,2018年11月01日,None,None,None,None,None,None,None,None,http://detail.zol.com.cn/1235/1234838/param.shtml
1293530,None,2019年09月,None,None,None,None,None,None,None,None,http://detail.zol.com.cn/1294/1293530/param.shtml
1174429,None,2017年07月,None,None,None,None,None,None,None,None,http://detail.zol.com.cn/1175/1174429/param.shtml
1115625,None,2015年11月,None,None,None,None,None,None,None,None,http://detail.zol.com.cn/1116/1115625/param.shtml
1145877,None,2016年06月,None,None,None,None,None,None,None,None,http://detail.zol.com.cn/1146/1145877/param.shtml
391643,None,2015年05月,None,None,None,None,None,None,None,None,http://detail.zol.com.cn/392/391643/param.shtml
391741,None,2015年12月,None,None,None,None,None,None,None,None,http://detail.zol.com.cn/392/391741/param.shtml
392008,None,2014年12月,None,None,None,None,None,None,None,None,http://detail.zol.com.cn/393/392008/param.shtml
1292819,None,None,None,None,None,None,None,None,None,None,http://detail.zol.com.cn/1293/1292819/param.shtml
1262905,None,2019年03月,None,None,None,None,None,None,None,None,http://detail.zol.com.cn/1263/1262905/param.shtml
394173,None,2014年12月,None,None,None,None,None,None,None,None,http://detail.zol.com.cn/395/394173/param.shtml
364167,None,2013年,None,None,None,None,None,None,None,None,http://detail.zol.com.cn/365/364167/param.shtml
125308,None,2007年,None,None,None,None,None,None,None,None,http://detail.zol.com.cn/126/125308/param.shtml
125312,None,2007年,None,None,None,None,None,None,None,None,http://detail.zol.com.cn/126/125312/param.shtml
125331,None,2007年,None,None,None,None,None,None,None,None,http://detail.zol.com.cn/126/125331/param.shtml
125335,None,2007年06月,None,None,None,None,None,None,None,None,http://detail.zol.com.cn/126/125335/param.shtml
125342,None,2007年08月,None,None,None,None,None,None,None,None,http://detail.zol.com.cn/126/125342/param.shtml
125351,None,2007年,None,None,None,None,None,None,None,None,http://detail.zol.com.cn/126/125351/param.shtml
125356,None,2007年,None,None,None,None,None,None,None,None,http://detail.zol.com.cn/126/125356/param.shtml
125357,None,2007年,None,None,None,None,None,None,None,None,http://detail.zol.com.cn/126/125357/param.shtml
125358,None,2007年,None,None,None,None,None,None,None,None,http://detail.zol.com.cn/126/125358/param.shtml
1205808,None,2018年02月01日,None,None,None,None,None,None,None,None,http://detail.zol.com.cn/1206/1205808/param.shtml
1203513,None,2017年,None,None,None,None,None,None,None,None,http://detail.zol.com.cn/1204/1203513/param.shtml
1170837,None,2017年07月08日,None,None,None,None,None,None,None,None,http://detail.zol.com.cn/1171/1170837/param.shtml
1141207,None,2016年04月,None,None,None,None,None,None,None,None,http://detail.zol.com.cn/1142/1141207/param.shtml
1230833,None,2018年10月01日,None,None,None,None,None,None,None,None,http://detail.zol.com.cn/1231/1230833/param.shtml
1230998,None,2018年09月11日,None,None,None,None,None,None,None,None,http://detail.zol.com.cn/1231/1230998/param.shtml
1141626,None,2016年04月,None,None,None,None,None,None,None,None,http://detail.zol.com.cn/1142/1141626/param.shtml
1141792,None,2016年04月,None,None,None,None,None,None,None,None,http://detail.zol.com.cn/1142/1141792/param.shtml
1141800,None,2016年04月,None,None,None,None,None,None,None,None,http://detail.zol.com.cn/1142/1141800/param.shtml
1170124,None,2017年05月,None,None,None,None,None,None,None,None,http://detail.zol.com.cn/1171/1170124/param.shtml
1230193,None,2018年08月,None,None,None,None,None,None,None,None,http://detail.zol.com.cn/1231/1230193/param.shtml
1230224,None,2018年06月,None,None,None,None,None,None,None,None,http://detail.zol.com.cn/1231/1230224/param.shtml
1236130,None,2018年10月,None,None,None,None,None,None,None,None,http://detail.zol.com.cn/1237/1236130/param.shtml
382148,None,2014年06月,None,None,None,None,None,None,None,None,http://detail.zol.com.cn/383/382148/param.shtml
234693,None,2010年,None,None,None,None,None,None,None,None,http://detail.zol.com.cn/235/234693/param.shtml
1159623,None,2016年12月12日,None,None,None,None,None,None,None,None,http://detail.zol.com.cn/1160/1159623/param.shtml
1185212,None,2017年12月,None,None,None,None,None,None,None,None,http://detail.zol.com.cn/1186/1185212/param.shtml
1185254,None,2017年11月,None,None,None,None,None,None,None,None,http://detail.zol.com.cn/1186/1185254/param.shtml
1215753,None,2018年05月26日,None,None,None,None,None,None,None,None,http://detail.zol.com.cn/1216/1215753/param.shtml
1245075,None,2018年12月10日,None,None,None,None,None,None,None,None,http://detail.zol.com.cn/1246/1245075/param.shtml
261885,None,2010年11月,None,None,None,None,None,None,None,None,http://detail.zol.com.cn/262/261885/param.shtml
1314271,None,None,None,None,None,None,None,None,None,None,http://detail.zol.com.cn/1315/1314271/param.shtml
1314381,None,None,None,None,None,None,None,None,None,None,http://detail.zol.com.cn/1315/1314381/param.shtml
354419,None,2013年,None,None,None,None,None,None,None,None,http://detail.zol.com.cn/355/354419/param.shtml
1162262,None,2016年12月,None,None,None,None,None,None,None,None,http://detail.zol.com.cn/1163/1162262/param.shtml
344237,None,2012年,None,None,None,None,None,None,None,None,http://detail.zol.com.cn/345/344237/param.shtml
1275808,None,None,None,None,None,None,None,None,None,None,http://detail.zol.com.cn/1276/1275808/param.shtml
1275809,None,None,None,None,None,None,None,None,None,None,http://detail.zol.com.cn/1276/1275809/param.shtml
1275812,None,None,None,None,None,None,None,None,None,None,http://detail.zol.com.cn/1276/1275812/param.shtml
137615,None,2008年,None,None,None,None,None,None,None,None,http://detail.zol.com.cn/138/137615/param.shtml
137616,None,2008年02月,None,None,None,None,None,None,None,None,http://detail.zol.com.cn/138/137616/param.shtml
404244,None,2015年07月,None,None,None,None,None,None,None,None,http://detail.zol.com.cn/405/404244/param.shtml
404332,None,2015年07月,None,None,None,None,None,None,None,None,http://detail.zol.com.cn/405/404332/param.shtml
1274580,None,2019年05月,6.35英寸,1544x720像素,暂无数据,后置摄像头1,5000mAh,不可拆卸式电池,八核,4GB,http://detail.zol.com.cn/1275/1274580/param.shtml
344650,None,2013年,None,None,None,None,None,None,None,None,http://detail.zol.com.cn/345/344650/param.shtml
309219,None,2012年,None,None,None,None,None,None,None,None,http://detail.zol.com.cn/310/309219/param.shtml
309225,None,2012年,None,None,None,None,None,None,None,None,http://detail.zol.com.cn/310/309225/param.shtml
309228,None,2012年04月,None,None,None,None,None,None,None,None,http://detail.zol.com.cn/310/309228/param.shtml
1271142,None,2019年04月,None,None,None,None,None,None,None,None,http://detail.zol.com.cn/1272/1271142/param.shtml
278324,None,2011年03月,None,None,None,None,None,None,None,None,http://detail.zol.com.cn/279/278324/param.shtml
343236,None,2012年,None,None,None,None,None,None,None,None,http://detail.zol.com.cn/344/343236/param.shtml
135689,None,2008年01月,None,None,None,None,None,None,None,None,http://detail.zol.com.cn/136/135689/param.shtml
1240650,None,2018年11月,None,None,None,None,None,None,None,None,http://detail.zol.com.cn/1241/1240650/param.shtml
158218,None,2008年,None,None,None,None,None,None,None,None,http://detail.zol.com.cn/159/158218/param.shtml
131373,None,2007年,None,None,None,None,None,None,None,None,http://detail.zol.com.cn/132/131373/param.shtml
131374,None,2007年,None,None,None,None,None,None,None,None,http://detail.zol.com.cn/132/131374/param.shtml
1148852,None,2016年06月,None,None,None,None,None,None,None,None,http://detail.zol.com.cn/1149/1148852/param.shtml
373615,None,2014年,None,None,None,None,None,None,None,None,http://detail.zol.com.cn/374/373615/param.shtml
405508,None,2015年08月,None,None,None,None,None,None,None,None,http://detail.zol.com.cn/406/405508/param.shtml
1181567,None,2017年09月30日,None,None,None,None,None,None,None,None,http://detail.zol.com.cn/1182/1181567/param.shtml
1305159,None,None,None,None,None,None,None,None,None,None,http://detail.zol.com.cn/1306/1305159/param.shtml
1305160,None,None,None,None,None,None,None,None,None,None,http://detail.zol.com.cn/1306/1305160/param.shtml
1305161,None,None,None,None,None,None,None,None,None,None,http://detail.zol.com.cn/1306/1305161/param.shtml
1215577,None,2018年06月,None,None,None,None,None,None,None,None,http://detail.zol.com.cn/1216/1215577/param.shtml
261016,None,2010年10月,None,None,None,None,None,None,None,None,http://detail.zol.com.cn/262/261016/param.shtml
405334,None,2015年07月,None,None,None,None,None,None,None,None,http://detail.zol.com.cn/406/405334/param.shtml
1181131,高通 骁龙450,2017年,None,None,None,None,None,None,None,None,http://detail.zol.com.cn/1182/1181131/param.shtml
1272497,None,2018年10月,None,None,None,None,None,None,None,None,http://detail.zol.com.cn/1273/1272497/param.shtml
289513,None,2011年06月,None,None,None,None,None,None,None,None,http://detail.zol.com.cn/290/289513/param.shtml
1290919,None,None,None,None,None,None,None,None,None,None,http://detail.zol.com.cn/1291/1290919/param.shtml
1291141,None,None,None,None,None,None,None,None,None,None,http://detail.zol.com.cn/1292/1291141/param.shtml
